subreddit,date,comment_is,parent_id
wallstreetbets,2021-05-18,gym6aas,gym5xu0
wallstreetbets,2021-05-18,gym6abg,msblc3
wallstreetbets,2021-05-18,gymhhar,nfjxyh
wallstreetbets,2021-05-18,gymhhb0,gymeepa
wallstreetbets,2021-05-18,gymhhcz,nf8opv
wallstreetbets,2021-05-18,gymhhe7,gymgnys
wallstreetbets,2021-05-19,gymz1im,mrzztb
wallstreetbets,2021-05-19,gymzf9s,nfonwv
wallstreetbets,2021-05-19,gymzfb3,gymymdd
wallstreetbets,2021-05-19,gymzfer,nfklff
wallstreetbets,2021-05-19,gymzffc,nfklff
wallstreetbets,2021-05-19,gymzfhv,nfklff
wallstreetbets,2021-05-19,gymzfj6,gymo1ai
wallstreetbets,2021-05-19,gymzfj8,nfklff
wallstreetbets,2021-05-19,gymzfta,gymzcpb
wallstreetbets,2021-05-19,gymzfwe,nfklff
wallstreetbets,2021-05-19,gymzgak,gymymdd
wallstreetbets,2021-05-19,gymzggm,gym2yye
wallstreetbets,2021-05-19,gymzgik,nfklff
wallstreetbets,2021-05-19,gymzgof,gymz747
wallstreetbets,2021-05-19,gymzgre,gylg965
wallstreetbets,2021-05-19,gymzgs8,gymxry3
wallstreetbets,2021-05-19,gymzgzi,gykdd9a
wallstreetbets,2021-05-19,gymzh8o,gymgpi4
wallstreetbets,2021-05-19,gymzh91,gylz553
wallstreetbets,2021-05-19,gymzhaj,nfklff
wallstreetbets,2021-05-19,gymzhj5,gymzd8p
wallstreetbets,2021-05-19,gymzhjf,gymxc4a
wallstreetbets,2021-05-19,gymzhjh,gym1w6j
